{
  "mae": 156.6170654296875,
  "mse": 34912.49609375,
  "r2": -0.2847975492477417,
  "rmse": 186.848858957581
}