{
  "mae": 2.9597365856170654,
  "mse": 23.10393524169922,
  "r2": 0.8376245498657227,
  "rmse": 4.8066553071443785
}